Row,PSSM1,PSSM2,PSSM3,PSSM4,PSSM5,PSSM6
A,0.111811987110418,0.112991821389992,0.0674320669018187,-0.834415105108103,0.1471162590146,-0.112175013042595
C,-0.852747914683026,-0.860099189809604,-0.706720733464955,0.210282771213343,-0.854381531377821,-0.364931818320609
G,-0.0464673193186153,-0.798021755407391,-0.835957965319854,-0.123882599355293,-0.845759665488625,0.126151511431397
T,-0.387167156666431,0.035122758938094,0.124880920668779,-0.863003397267017,-0.836411747735075,-0.843853779344697
