Row,PSSM1,PSSM2,PSSM3,PSSM4,PSSM5,PSSM6
A,0.000353015003182758,0.000357634157675427,0.000216482682970554,1.04674017947446e-08,0.000520875243885013,2.99195034774712e-05
C,8.55286091521932e-09,7.88739437981842e-09,4.27455816551863e-08,0.0010447266570315,8.40028670610878e-09,1.8469036939229e-06
G,6.17139844737361e-05,1.56311518564197e-08,1.02909599690393e-08,2.62984646187478e-05,9.23744966197059e-09,0.000413439237952267
T,1.44557990292913e-06,0.000151640192175941,0.000407691417246639,7.63899337230861e-09,1.02396335920665e-08,9.43348729569601e-09
